x,manual_error,impala_error,impala-fix_error,enzyme_error,torch_error
0,0.0,2.56799302055481e-13,2.418638354440487e-13,1.3694400478977474e-12,1.734579032453495e-12