x,manual_time,manual_memory,manual_error,impala_time,impala_memory,impala_error,enzyme_time,enzyme_memory,enzyme_error,torch_time,torch_memory,torch_error
0,5,2147328,0.0,2,35636352,3.053014390352188e-05,1,3818688,4.1552177610468255e-05,831,320400832,3.0531133177191805e-16
1,22,2753408,0.0,9,11994432,0.00014619655549160532,8,8750400,1.585577081193463e-05,3393,870224128,3.608224830031759e-16
2,20,2934272,0.0,4,30426432,9.516902547800077e-05,3,6816960,3.7935240341036795e-05,1382,509351232,1.457167719820518e-16
3,81,2999360,0.0,16,22824000,6.639467795900231e-06,16,16876736,5.217546047663751e-06,5393,1231654272,3.191891195797325e-16
